{"cameraMode":{"drawMode":0,"name":"Shaded","section":"Shading Mode"},"sceneLighting":true,"audioPlay":false,"sceneViewState":{"showFog":true,"showMaterialUpdate":false,"showSkybox":true,"showFlares":true,"showImageEffects":true,"showParticleSystems":true},"in2DMode":false,"pivot":{"x":0.3642596900463104,"y":-0.1265987753868103,"z":-4.975095748901367},"rotation":{"x":-0.13033415377140046,"y":-0.03987269848585129,"z":0.005239305552095175,"w":-0.9906730651855469},"size":4.322392463684082,"orthographic":false}