{"cameraMode":{"drawMode":0,"name":"Shaded","section":"Shading Mode"},"sceneLighting":true,"audioPlay":false,"sceneViewState":{"showFog":true,"showMaterialUpdate":false,"showSkybox":true,"showFlares":true,"showImageEffects":true,"showParticleSystems":true},"in2DMode":false,"pivot":{"x":1.9708852767944337,"y":-1.6480414867401124,"z":1.4073293209075928},"rotation":{"x":0.34343433380126955,"y":0.37193265557289126,"z":-0.15040187537670136,"w":0.8491905331611633},"size":6.778794288635254,"orthographic":false}