{"cameraMode":{"drawMode":2,"name":"Shaded Wireframe","section":"Shading Mode"},"sceneLighting":true,"audioPlay":false,"sceneViewState":{"showFog":true,"showMaterialUpdate":false,"showSkybox":true,"showFlares":true,"showImageEffects":true,"showParticleSystems":true},"in2DMode":false,"pivot":{"x":10.125038146972657,"y":8.813679695129395,"z":-14.603536605834961},"rotation":{"x":-0.25352585315704348,"y":0.34337058663368227,"z":-0.09677793830633164,"w":-0.8991637229919434},"size":16.910139083862306,"orthographic":false}