{"cameraMode":{"drawMode":0,"name":"Shaded","section":"Shading Mode"},"sceneLighting":true,"audioPlay":false,"sceneViewState":{"showFog":true,"showMaterialUpdate":false,"showSkybox":true,"showFlares":true,"showImageEffects":true,"showParticleSystems":true},"in2DMode":false,"pivot":{"x":-22.601974487304689,"y":-3.0257530212402345,"z":25.203899383544923},"rotation":{"x":-0.24834772944450379,"y":0.40813305974006655,"z":-0.11636054515838623,"w":-0.8707790374755859},"size":120.03335571289063,"orthographic":false}