{"cameraMode":{"drawMode":2,"name":"Shaded Wireframe","section":"Shading Mode"},"sceneLighting":true,"audioPlay":false,"sceneViewState":{"showFog":true,"showMaterialUpdate":false,"showSkybox":true,"showFlares":true,"showImageEffects":true,"showParticleSystems":true},"in2DMode":false,"pivot":{"x":2.556584596633911,"y":-5.190230369567871,"z":9.21982192993164},"rotation":{"x":-0.31273332238197329,"y":-0.03672538697719574,"z":0.01219192985445261,"w":-0.9490864276885986},"size":19.825176239013673,"orthographic":false}